Factory,Region,Shipments,Unique_Orders,Total_Units,Total_Sales,Total_Cost,Total_Profit,Average_Lead_Time,Median_Lead_Time,Minimum_Lead_Time,Maximum_Lead_Time,Lead_Time_Std,Profit Margin %,Shipment Share %,Lead Time Efficiency Score,Lead Time CV %,Delayed_Shipments,Delay Frequency %,High Volume,Long Lead Time,High Delay Frequency,Investigation Flags
Lot's O Nuts,Atlantic,1661,1378,6214,22166.13,6850.5,15315.63,1326.8254063816978,1274.0,904,1642,255.99004518466083,69.09,16.29,44.62,19.29,687,41.36,True,True,False,2
Lot's O Nuts,Gulf,897,745,3373,12023.12,3709.7,8313.42,1313.9754738015608,1274.0,904,1642,266.58790483616673,69.15,8.8,47.65,20.29,368,41.03,True,False,False,1
Lot's O Nuts,Interior,1321,1113,5012,17856.86,5503.3,12353.56,1324.1960635881908,1274.0,904,1642,258.4114381726021,69.18,12.96,45.24,19.51,542,41.03,True,True,False,2
Lot's O Nuts,Pacific,1813,1524,6813,24294.04,7505.6,16788.44,1317.5278543849972,1274.0,904,1642,266.67269982484663,69.11,17.78,46.81,20.24,780,43.02,True,True,True,3
Secret Factory,Atlantic,72,70,308,2991.25,1491.4,1499.85,1349.25,1275.0,905,1641,280.7174786451699,50.14,0.71,39.35,20.81,37,51.39,True,True,True,3
Secret Factory,Gulf,37,35,161,930.0,450.0,480.0,1332.5405405405406,1274.0,906,1642,304.8306082067541,51.61,0.36,43.28,22.88,17,45.95,False,True,True,2
Secret Factory,Interior,45,45,186,1590.0,783.2,806.8,1289.088888888889,1273.0,905,1641,311.22557021484516,50.74,0.44,53.5,24.14,19,42.22,False,False,True,1
Secret Factory,Pacific,63,63,229,3076.25,1518.2,1558.05,1307.7301587301588,1274.0,904,1641,276.180177651101,50.65,0.62,49.11,21.12,26,41.27,True,False,False,1
Sugar Shack,Atlantic,18,18,61,118.61,54.8,63.81,1375.388888888889,1275.0,908,1642,274.60691454575556,53.8,0.18,33.21,19.97,11,61.11,False,True,True,2
Sugar Shack,Gulf,4,4,16,38.39,15.15,23.240000000000002,1091.25,1090.5,909,1275,210.44773697999224,60.54,0.04,100.0,19.29,1,25.0,False,False,False,0
Sugar Shack,Interior,8,8,22,44.74,21.35,23.39,1318.625,1272.5,907,1641,235.25726799156945,52.28,0.08,46.55,17.84,2,25.0,False,True,False,1
Sugar Shack,Pacific,3,3,8,19.240000000000002,8.45,10.79,1516.6666666666667,1638.0,1274,1638,210.15549798502377,56.08,0.03,0.0,13.86,2,66.67,False,True,True,2
The Other Factory,Atlantic,38,37,154,506.75,452.0,54.75,1282.7368421052631,1273.0,906,1641,262.1706360173814,10.8,0.37,54.99,20.44,12,31.58,False,False,False,0
The Other Factory,Gulf,19,19,80,262.5,236.0,26.5,1272.6315789473683,1273.0,904,1640,272.7323088317586,10.1,0.19,57.36,21.43,8,42.11,False,False,True,1
The Other Factory,Interior,11,11,39,126.75,117.0,9.75,1206.6363636363637,1273.0,906,1638,274.4282320488447,7.69,0.11,72.88,22.74,3,27.27,False,False,False,0
The Other Factory,Pacific,32,31,115,386.25,325.0,61.25,1307.21875,1273.0,906,1640,251.41800874433747,15.86,0.31,49.23,19.23,14,43.75,False,False,True,1
Wicked Choccy's,Atlantic,1197,973,4422,15414.5,5374.84,10039.66,1315.967418546366,1274.0,904,1642,255.39105651319403,65.13,11.74,47.18,19.41,482,40.27,True,False,False,1
Wicked Choccy's,Gulf,663,547,2579,8993.25,3135.74,5857.51,1309.1131221719456,1274.0,904,1642,259.9024930914702,65.13,6.5,48.79,19.85,275,41.48,True,False,False,1
Wicked Choccy's,Interior,950,802,3561,12419.25,4330.26,8088.99,1324.5515789473684,1274.0,904,1642,266.3259824895651,65.13,9.32,45.16,20.11,416,43.79,True,True,True,3
Wicked Choccy's,Pacific,1342,1123,5301,18525.75,6458.34,12067.41,1329.1013412816692,1274.0,904,1642,266.2189309157341,65.14,13.16,44.09,20.03,600,44.71,True,True,True,3
