State/Province,Shipments,Orders,Sales,Gross_Profit,Average_Lead_Time,Median_Lead_Time,Lead_Time_Std,Delayed_Shipments,Delay Frequency %,High Volume,Long Lead Time,High Delay Frequency,Investigation Flags
Alabama,61,53,995.11,622.11,1291.27868852459,1273.0,253.47531971558493,22,36.0655737704918,True,False,False,1
Alberta,26,22,530.32,326.3,1274.076923076923,1273.0,292.4006734707597,8,30.76923076923077,False,False,False,0
Arizona,224,190,3587.55,2290.11,1309.2142857142858,1274.0,263.3924395158412,99,44.19642857142857,True,False,True,2
Arkansas,60,48,891.94,588.02,1285.7333333333333,1273.0,284.7462662761219,24,40.0,True,False,False,1
British Columbia,22,22,290.9,198.3,1290.3181818181818,1274.0,308.42509106189266,8,36.36363636363637,False,False,False,0
California,2001,1686,27917.4,18479.42,1318.4272863568217,1274.0,264.3928778070295,839,41.92903548225887,True,True,True,3
Colorado,182,140,2544.91,1694.63,1337.1868131868132,1274.0,249.67695867370423,78,42.857142857142854,True,True,True,3
Connecticut,82,74,980.57,653.83,1357.5487804878048,1274.0,271.6828739741245,38,46.34146341463415,True,True,True,3
Delaware,96,80,1323.59,861.71,1269.75,1273.5,233.93066899134195,33,34.375,True,False,False,1
District of Columbia,10,8,142.25,95.85,1347.7,1275.0,153.52889702665826,9,90.0,False,True,True,2
Florida,383,319,4804.02,3207.11,1311.396866840731,1274.0,269.80825883330687,160,41.77545691906005,True,False,True,2
Georgia,184,151,2692.84,1751.32,1338.6358695652175,1274.0,249.18286790460385,83,45.108695652173914,True,True,True,3
Idaho,21,18,225.25,152.15,1342.5714285714287,1273.0,273.92965728970853,8,38.095238095238095,False,True,False,1
Illinois,492,433,6898.96,4557.68,1323.1504065040651,1274.0,269.7178236961477,205,41.66666666666667,True,True,False,2
Indiana,149,123,2002.78,1343.44,1381.496644295302,1274.0,242.35376265378426,74,49.664429530201346,True,True,True,3
Iowa,30,26,400.37,269.96999999999997,1443.9,1636.0,229.8014660377593,18,60.0,False,True,True,2
Kansas,24,23,263.18,179.22,1273.2916666666667,1273.0,262.9869362215324,6,25.0,False,False,False,0
Kentucky,139,112,1880.63,1242.3700000000001,1328.4460431654677,1274.0,274.44571736084407,67,48.201438848920866,True,True,True,3
Louisiana,42,38,525.21,347.45,1263.7857142857142,1273.0,306.7775499556551,15,35.714285714285715,False,False,False,0
Maine,8,7,126.48,85.10000000000001,1137.125,1274.0,189.7339773020561,3,37.5,False,False,False,0
Manitoba,12,8,138.25,90.27,1455.3333333333333,1455.0,191.13980287324844,6,50.0,False,True,True,2
Maryland,105,80,1476.99,997.5699999999999,1356.7809523809524,1274.0,238.89770827346803,44,41.904761904761905,True,True,True,3
Massachusetts,135,106,1806.99,1179.99,1308.3185185185184,1274.0,251.9821615296056,51,37.77777777777778,True,False,False,1
Michigan,255,209,3331.0,2236.21,1300.5607843137254,1273.0,244.05437634583737,106,41.568627450980394,True,False,False,1
Minnesota,89,75,1161.46,779.28,1335.4719101123596,1275.0,297.6519126997336,47,52.80898876404494,True,True,True,3
Mississippi,53,43,844.1800000000001,557.94,1266.566037735849,1274.0,263.14886905689286,21,39.62264150943396,False,False,False,0
Missouri,66,56,882.83,595.41,1339.8636363636363,1274.0,278.41479217795984,29,43.93939393939394,True,True,True,3
Montana,15,12,202.11,135.47,1273.8,1273.0,308.31690561127897,5,33.33333333333333,False,False,False,0
Nebraska,38,33,483.53000000000003,327.89,1311.2368421052631,1274.0,237.21337574639708,11,28.947368421052634,False,False,False,0
Nevada,39,36,759.46,469.48,1226.7948717948718,1273.0,239.77238982080047,12,30.76923076923077,False,False,False,0
New Brunswick,8,8,172.72,118.72,1273.25,1273.0,276.29215903253055,2,25.0,False,False,False,0
New Hampshire,27,26,428.27,264.53,1300.037037037037,1273.0,247.40600102812644,8,29.629629629629626,False,False,False,0
New Jersey,130,108,1578.3500000000001,1017.76,1338.3307692307692,1274.0,247.32053671930424,61,46.92307692307692,True,True,True,3
New Mexico,37,34,502.71000000000004,335.17,1441.837837837838,1639.0,267.19806568593685,24,64.86486486486487,False,True,True,2
New York,1128,942,15541.03,10222.44,1324.4937943262412,1274.0,249.35850252819927,470,41.66666666666667,True,True,False,2
Newfoundland and Labrador,6,5,162.0,112.5,1216.1666666666667,1094.5,357.44729215181735,2,33.33333333333333,False,False,False,0
North Carolina,249,216,3450.86,2331.16,1334.8835341365461,1274.0,254.98943386149926,111,44.57831325301205,True,True,True,3
North Dakota,7,5,109.66,73.96000000000001,1637.857142857143,1637.0,1.4638501094227951,7,100.0,False,True,True,2
Nova Scotia,6,6,87.5,56.900000000000006,1272.6666666666667,1273.0,326.91446383827474,2,33.33333333333333,False,False,False,0
Ohio,469,392,6768.95,4413.03,1325.7334754797441,1273.0,263.9766391035061,200,42.643923240938165,True,True,True,3
Oklahoma,66,56,877.65,595.91,1301.3636363636363,1274.0,241.75713409972394,29,43.93939393939394,True,False,True,2
Ontario,58,41,814.57,542.57,1247.4655172413793,1272.0,272.26993929317706,14,24.137931034482758,True,False,False,1
Oregon,124,105,1920.15,1253.11,1267.7096774193549,1273.0,259.3676417059823,46,37.096774193548384,True,False,False,1
Pennsylvania,587,487,8027.03,5225.47,1324.1993185689948,1273.0,261.75722696774153,229,39.01192504258944,True,True,False,2
Prince Edward Island,10,8,130.1,88.66,1420.3,1456.5,255.81419038043998,5,50.0,False,True,True,2
Quebec,50,38,597.68,381.36,1288.24,1274.0,313.0554205352954,24,48.0,False,False,True,1
Rhode Island,56,46,805.76,501.84000000000003,1324.8035714285713,1273.0,281.9016862565488,25,44.642857142857146,False,True,True,2
Saskatchewan,2,2,29.25,18.99,1457.0,1457.0,258.8010819142764,1,50.0,False,True,True,2
South Carolina,42,34,601.07,398.83,1255.4285714285713,1273.0,241.7498347019025,8,19.047619047619047,False,False,False,0
South Dakota,12,8,151.34,104.14,1395.9166666666667,1640.0,360.3509547733439,8,66.66666666666666,False,True,True,2
Tennessee,183,151,2383.56,1573.52,1391.4863387978141,1276.0,248.20197061856544,101,55.19125683060109,True,True,True,3
Texas,985,833,13416.09,8909.53,1310.3055837563452,1274.0,266.72715844496076,396,40.203045685279186,True,False,False,1
Utah,53,44,856.41,556.21,1253.0,1275.0,289.78055357592456,27,50.943396226415096,False,False,True,1
Vermont,11,10,162.44,109.98,1438.909090909091,1273.0,190.99971442149055,5,45.45454545454545,False,True,True,2
Virginia,224,185,3177.84,2080.84,1229.125,1273.0,256.4203956055587,57,25.44642857142857,True,False,False,1
Washington,506,432,6921.15,4566.64,1360.6620553359685,1275.0,272.1219630881989,267,52.76679841897233,True,True,True,3
West Virginia,4,4,63.97,43.89,1638.0,1639.0,2.0,4,100.0,False,True,True,2
Wisconsin,110,91,1920.5,1219.58,1343.0,1274.0,224.11276650403414,40,36.36363636363637,True,True,False,2
Wyoming,1,1,13.96,9.96,1274.0,1274.0,,0,0.0,False,False,False,0
